numeroRegistro,loteLugol,centrifuga,antiA,antiB,antiD,aguaDestilada,esterilizado
280.38654754938193,175.3061831160574,2.0615118855825427,0.0,0.0,0.0,0.0,0.0
204.00736010431595,78.64010437153226,0.0,0.0,0.0,0.0,0.9641658046031961,1.0203035790980026
227.0,30.0,0.0,0.0,1.0,1.0,1.0,1.0
26.15339928067208,8.630318649381643,2.0134515671594615,1.009588621682207,1.0026480544957306,0.0,1.0217443170181792,0.0
187.0,195.0,1.0,1.0,0.0,1.0,0.0,0.0
283.8983547054572,107.25985484889557,2.227931283484802,0.0,1.020117599422717,1.0555596205727138,0.0,0.0
60.0,227.0,0.0,1.0,1.0,1.0,1.0,1.0
69.43321648702859,129.5239044953191,0.0,0.9695023044704723,0.0,0.9905519748166784,0.0,0.9649669448968351
31.69718669451803,19.280910697729734,1.9916921559036116,1.0124129270880842,1.0074915364291332,0.9740329344559435,1.0025601955286982,0.0
266.99616263322855,324.82381382727107,1.9158911872988031,0.0,0.0,0.9447953344414727,0.9820561957565933,1.0029928162172939
187.0,37.0,1.0,1.0,0.0,0.0,0.0,1.0
31.0,60.0,0.0,0.0,1.0,0.0,1.0,1.0
73.74218405350413,216.92333653449637,1.0404967246250418,0.0,1.1084380583960713,1.0061290534340237,0.0,0.9401201431110313
61.0,289.0,1.0,0.0,0.0,1.0,1.0,1.0
232.0,173.0,0.0,1.0,0.0,0.0,0.0,1.0
190.0,23.0,0.0,1.0,1.0,0.0,0.0,1.0
226.0,59.0,0.0,1.0,1.0,1.0,0.0,1.0
273.0,79.0,2.0,1.0,1.0,1.0,1.0,0.0
243.93309543095134,239.84598317648775,1.0042908159778197,0.0,0.0,0.0,1.036115274189137,0.9733935311301123
209.99780372866593,335.85228549366974,1.021332790529624,0.0,0.9343027751645014,0.0,1.0254833104500012,1.0028698453979372
160.47152722578468,159.88162661979914,0.0,0.0,0.0,0.9272042540267097,0.0,0.0
38.79797861591953,248.28960787406345,1.9147631875958,0.9704890131035321,0.9725641829325866,1.0248610119221684,0.0,1.0809334023104313
57.29784370215827,248.41942863754136,0.9852738954593682,0.0,0.0,0.0,1.0403180050310412,1.0470826695470252
47.72763506199209,304.8127931005246,2.129958847766521,0.0,0.9843339563586185,0.0,0.9176056553071578,0.0
30.0,21.0,2.0,1.0,1.0,1.0,1.0,0.0
87.0,211.0,1.0,1.0,0.0,1.0,0.0,1.0
100.0,178.0,1.0,0.0,1.0,1.0,1.0,0.0
63.87397984673552,114.0536120247626,0.9662827086701851,0.9369055108636613,0.0,0.0,0.9713655404786018,0.9798955786626075
57.506081605079146,225.8361508933618,0.0,1.0197882575762562,0.9165354735027765,0.9922834812060145,0.9313870273795103,1.0367668726626253
23.613414266916042,234.8089086568154,0.0,0.9822572713462893,1.008393119680338,0.9679670988698619,0.0,1.0589197400788388
269.0,64.0,1.0,0.0,1.0,1.0,0.0,0.0
302.0,17.0,2.0,1.0,0.0,0.0,1.0,0.0
212.69011723181777,272.9221817018545,1.8571635572749927,0.9983698119799576,0.0,0.0,0.9253341137365789,0.0
78.0,29.0,2.0,0.0,0.0,1.0,0.0,1.0
116.0,302.0,0.0,1.0,1.0,1.0,0.0,1.0
111.0,168.0,1.0,0.0,0.0,1.0,1.0,1.0
203.14435162760998,3.8921228545837,2.0587393386417556,0.0,0.9533280743063504,0.0,0.0,0.0
187.0,10.0,2.0,1.0,0.0,0.0,1.0,1.0
110.13106112080418,284.329616179411,2.0887898818933714,0.9751312925174855,0.9948241822468568,0.0,0.0,0.0
2.9954938264877757,14.233939260220236,0.0,0.9188642974827077,1.0022012978780905,0.0,0.9447308909317469,0.9979476104680116
147.0,317.0,2.0,1.0,0.0,0.0,0.0,0.0
154.0,252.0,2.0,1.0,1.0,1.0,1.0,0.0
192.0,165.0,0.0,1.0,1.0,0.0,0.0,1.0
41.0,207.0,2.0,1.0,0.0,0.0,0.0,0.0
280.8072037949246,248.11556384040085,1.002633610490761,0.0,0.0,1.0277570405312784,0.9782041533273236,0.8820660595659829
265.4770088108811,91.88032851430587,0.0,0.9628532951854359,0.9613480908799454,0.0,1.01254281257982,1.0847236265263969
117.45572403023564,171.91455313211245,0.9622808570317849,0.0,0.0,1.0261975936969,1.0437918664382853,1.0877762490035043
284.8930294229388,40.671816325748715,1.0297899737708165,1.107987115633407,0.0,0.9626648051859552,0.9739533819859109,0.9334197840694003
289.6896782803166,240.6183310554593,0.0,0.0,0.9795858993217822,0.0,0.0,0.0
163.21762785219397,54.60436846651474,0.0,0.9631283055508012,0.0,0.9382558186332811,1.0417458673713378,0.975892869449765
122.0,246.0,2.0,1.0,1.0,0.0,1.0,1.0
290.0,145.0,0.0,0.0,0.0,0.0,1.0,1.0
276.9815049716831,6.259521446842489,0.9501624048797117,0.0,0.9719722715142899,1.0679859228072404,1.0087577220333237,0.0
262.0,171.0,1.0,0.0,0.0,1.0,1.0,1.0
56.0,224.0,1.0,0.0,1.0,0.0,0.0,1.0
265.0,86.0,2.0,0.0,0.0,1.0,0.0,0.0
172.8715202854219,215.96692266744708,0.0,0.0,0.9278682164493409,0.9728745046142633,0.0,1.0429366567579668
164.0,244.0,2.0,0.0,1.0,0.0,0.0,0.0
300.0,282.0,2.0,1.0,1.0,1.0,0.0,0.0
249.0,158.0,2.0,1.0,0.0,0.0,0.0,1.0
91.40703861565623,116.62585232656095,0.9158771984531541,0.0,0.0,0.974998066172536,0.0,0.9664854709775276
37.74219886675177,214.97246063181535,1.9096194621564453,0.9936669559234613,0.0,0.0,0.0,0.0
101.32018772984549,128.66938017865894,2.070913714551134,0.0,0.9598098276171816,0.0,1.043475424100006,0.9717648823001027
114.0,231.0,0.0,1.0,0.0,1.0,0.0,1.0
173.0,16.0,1.0,0.0,1.0,1.0,1.0,1.0
116.82066178368824,257.2037394603586,0.0,0.9629531443158439,1.0091307891832697,0.9773157865169549,0.9562454122312489,0.9863810188457387
1.0,131.0,0.0,0.0,1.0,1.0,1.0,1.0
108.27817947939576,174.98600224040544,0.0,1.0320085355441322,0.0,0.0,0.9613449772030465,1.0577596420140627
205.0,264.0,0.0,0.0,1.0,0.0,1.0,1.0
291.0,149.0,1.0,0.0,0.0,1.0,0.0,1.0
220.34177513099635,154.528178543226,2.061271473119657,0.0,0.9116791074663516,1.0802049111099519,0.0,0.9503009309694604
168.0,307.0,0.0,0.0,0.0,0.0,1.0,1.0
188.09587104640357,23.10737418992364,0.0,1.0378023887990404,0.9881619466607503,0.0,0.0,0.9580355231645761
113.0,236.0,0.0,0.0,0.0,1.0,0.0,1.0
19.0,70.0,2.0,1.0,0.0,1.0,1.0,1.0
157.0,52.0,1.0,0.0,0.0,1.0,1.0,1.0
258.0,94.0,0.0,0.0,1.0,1.0,0.0,1.0
276.63071107034483,138.45672185790042,1.038162142445969,0.0,0.0,1.1036507201501762,0.0,1.0766453232705813
51.94902524403357,154.98242267477488,2.05693391729253,1.0228587765578516,0.9029724207648175,0.9458485547703841,1.0652127599912982,1.0059538284112304
243.96179477848236,153.9275791428766,1.9937759521675997,0.9806603331071337,0.0,0.0,0.0,0.9883882269338249
169.38732853746515,177.09971127896682,0.9878258589109133,0.0,1.0277813411397436,1.009237940639422,0.0,1.0143580438801387
155.0,170.0,1.0,1.0,1.0,0.0,1.0,0.0
172.0,160.0,2.0,0.0,0.0,1.0,0.0,0.0
244.0,318.0,1.0,0.0,0.0,0.0,0.0,0.0
223.60818183594202,264.1014581818756,1.0500915605630765,0.9655106227635447,1.000813429885914,0.9611861758016012,0.0,0.9047307166053516
79.422042780374,29.339395687030734,1.9921662108623885,0.0,0.0,1.0059798977287429,0.0,1.0174098426508988
264.1260575167361,85.87372701666196,0.0,0.0,0.9360850993075667,0.9794064300378432,1.0007702340778801,0.9946570649605446
58.0,66.0,1.0,0.0,0.0,1.0,1.0,1.0
6.0,146.0,1.0,1.0,1.0,1.0,0.0,0.0
81.0,50.0,0.0,0.0,0.0,0.0,1.0,1.0
157.15747469369333,308.58665011836854,0.0,0.0,0.9115456133982072,0.0,0.0,0.0
64.01583079897675,290.4656217528265,1.9264725280622443,0.0,1.0252709779537246,1.0422464320882792,1.0267064059397337,0.0
97.0,241.0,2.0,0.0,1.0,1.0,1.0,0.0
134.0,232.0,1.0,0.0,0.0,1.0,1.0,0.0
14.06434822590506,32.86673995485432,0.0,0.9940809962472935,0.0,1.0638932168695066,1.0248865054779497,1.0330361912229493
213.4486350114051,74.62893532341113,0.9601759690750818,0.0,1.0395372003619918,0.9936875926125206,0.0,0.9974599940783443
31.647914388205287,286.60818325889915,1.8062025452783452,0.0,0.0,0.0,0.0,0.9416407873076169
226.45573353004735,232.63711514038263,2.0631942237742185,0.0,1.0036069026925833,0.9465220047061339,0.0,0.0
87.0,3.0,0.0,0.0,1.0,1.0,0.0,1.0
185.18880146348187,122.99596914565754,2.0103241658699087,0.9701981725076234,0.0,0.0,0.0,0.0
253.0,300.0,0.0,0.0,1.0,1.0,0.0,1.0
189.55798010725178,195.432230912248,1.0321675089784876,0.0,0.9755672301694134,0.0,0.0,0.9562435986019658
228.0,42.0,0.0,1.0,0.0,1.0,0.0,0.0
38.0,122.0,2.0,1.0,1.0,0.0,0.0,0.0
207.0,87.0,0.0,0.0,0.0,0.0,1.0,1.0
290.0,221.0,0.0,0.0,1.0,0.0,0.0,0.0
179.0,24.0,0.0,0.0,0.0,1.0,0.0,1.0
115.62219765277246,190.22192164595648,1.0731187075711714,1.0034314099966377,1.0884595584618333,0.0,0.9789938511364054,0.0
214.0,76.0,1.0,0.0,1.0,1.0,0.0,1.0
178.0,186.0,1.0,1.0,1.0,1.0,0.0,1.0
149.28694211255146,193.43435985524053,0.0,0.0,1.0564416373471723,0.0,0.0,0.0
231.78004237712048,227.7841165301218,0.0,1.0218827814454126,0.0,0.989402553533803,0.0,1.021825456596003
40.0,48.0,0.0,1.0,1.0,0.0,1.0,0.0
264.0,310.0,2.0,0.0,1.0,0.0,1.0,1.0
199.85342536394776,286.4311596807519,0.9570087264606052,1.0418728601179257,0.0,0.0,0.0,0.920264379772859
62.0,180.0,1.0,0.0,1.0,1.0,0.0,0.0
196.85866780740432,42.860476154112135,1.947959700976055,1.0876702313656486,0.9470982370570927,1.114816965796468,0.0,0.0
260.277833993743,75.83746740041505,1.896429732218689,0.9895121234622745,0.959431074955222,0.9951584049979914,1.0566351086608057,0.0
181.0,65.0,2.0,0.0,0.0,0.0,1.0,1.0
80.0,222.0,1.0,0.0,1.0,1.0,0.0,1.0
176.0,54.0,1.0,0.0,0.0,1.0,0.0,1.0
128.0,89.0,1.0,1.0,0.0,1.0,0.0,1.0
22.0,280.0,2.0,1.0,1.0,0.0,0.0,0.0
51.296370458995334,216.3588909902821,0.9502720376834264,1.0167629997474685,0.0,1.056862662332084,1.0346117442734128,0.0
237.0,247.0,1.0,0.0,0.0,0.0,1.0,1.0
287.0,19.0,0.0,1.0,0.0,0.0,0.0,0.0
0.0,206.33629901814155,0.9230170290523556,0.8699939649900508,0.0,0.0,1.0441629508113783,1.0756897127565521
222.0,188.0,2.0,1.0,1.0,1.0,1.0,1.0
274.0,6.0,1.0,0.0,1.0,1.0,1.0,0.0
109.03003711958935,277.96136380257093,1.9789695505007958,1.0140977599092749,0.0,0.0,0.0,0.9576746021114894
282.37248356236324,133.57519274835053,1.8072517572465907,0.9595669979171143,0.0,0.0,0.9223278907625296,0.9597401057138945
279.0,169.0,2.0,0.0,0.0,0.0,0.0,0.0
92.0,111.0,1.0,0.0,0.0,1.0,0.0,1.0
171.15608603350034,196.5034309046111,0.0,0.0,0.0,1.0011541277851201,0.9247984504925577,0.9360009363187102
112.0,194.0,1.0,0.0,1.0,0.0,0.0,1.0
156.18567096326322,189.90712942532699,1.9661592777943184,0.0,0.0,0.0,0.0,0.0
266.2961881620516,16.570467676574474,0.0,0.0,0.9654980357003691,0.0,0.9792386385369589,0.9785425253166697
88.0,150.0,2.0,1.0,1.0,1.0,0.0,1.0
234.9015246168192,61.30608635552722,0.0,1.0499815521796743,1.0766750420490154,1.0029571790845897,0.0,0.9718492902543666
275.9068672146506,217.064995941871,0.8765966122847152,0.0,0.9899392261053954,0.0,0.0,1.0632899542183172
201.0,20.0,1.0,0.0,0.0,0.0,0.0,0.0
117.1444234187311,272.9821827998594,2.0432346964207784,0.0,1.0293324785169335,1.0500218338648346,0.9387089115659139,0.9503955159950189
118.32186186310841,267.7819707357557,2.075628672860223,0.9617625149897139,0.9830515974588332,1.0327239156455055,0.0,0.0
167.0,137.0,0.0,1.0,0.0,1.0,0.0,0.0
150.0,309.0,2.0,0.0,1.0,0.0,0.0,1.0
1.964030116402667,82.56461856359806,1.0623180607938612,0.0,0.0,0.0,0.9770920335703394,0.9554699800573933
293.0,9.0,2.0,1.0,0.0,0.0,0.0,0.0
277.0,263.0,1.0,0.0,1.0,1.0,1.0,1.0
232.9189209920579,295.16738718289787,1.000924502947358,0.0,0.9877976313559796,0.0,1.0162842262605414,0.979084029002927
155.94214802977305,181.73685600186758,1.0240437532722984,0.9163519195231432,1.0852055260433402,0.0,0.9949324844808094,0.0
182.3087586610549,174.69664098064743,1.000914004287941,0.0,1.003791146549022,1.0047646559580117,0.9195048399328156,0.9298990752176062
299.0,174.0,2.0,1.0,1.0,0.0,0.0,0.0
93.84733765527315,262.60172508949256,1.0502579553345044,0.0,1.050062150404663,0.0,0.0,0.0
210.38307533104054,190.071809914128,1.852570694449147,1.074178162081298,0.0,0.0,0.0,1.0431055689516868
282.7200568241296,49.08230685165078,2.1936277112644564,1.016431305768805,0.0,0.0,0.0,0.0
265.6159341675096,185.8927080719162,2.0055912074986537,1.11148197167116,0.0,0.0,1.0334470159397884,0.0
188.2224502842784,8.96990072639165,2.046534399395788,1.0045772822022363,0.0,0.0,1.0173977066303395,1.0212124776487506
31.963843467128157,38.92942040429005,1.0992606409418275,0.0,0.9396310298946148,0.0,0.0,0.0
101.64134768130519,177.19403199042085,0.0,0.9315875377509493,0.0,0.0,0.9957123526189766,0.0
71.40135124321846,265.08767330063904,0.9760550834095092,1.0342562169207652,1.0467335079050266,0.0,1.0379687749694726,0.978309670645609
171.0,100.0,1.0,0.0,0.0,0.0,0.0,0.0
254.33908983587946,63.00164325097497,1.0436697768208643,0.0,0.9639348624771271,0.9210854811924795,0.0,0.0
138.0,51.0,2.0,0.0,1.0,1.0,0.0,0.0
284.0,286.0,2.0,0.0,0.0,0.0,0.0,0.0
32.0,136.0,2.0,1.0,0.0,1.0,0.0,0.0
86.0,80.0,1.0,0.0,0.0,0.0,1.0,1.0
115.0,96.0,0.0,0.0,0.0,1.0,0.0,1.0
203.0,113.0,2.0,1.0,0.0,0.0,0.0,0.0
84.0,39.0,0.0,1.0,0.0,0.0,1.0,1.0
261.75606733287094,131.02621993794438,1.0727374767685294,0.987178741543571,1.0848395549370144,0.0,0.0,1.0236886180929423
242.0,202.0,2.0,0.0,1.0,1.0,0.0,1.0
0.0,54.78304638973376,2.1738991810326853,0.0,0.0,1.0178787945414651,0.0,0.0
29.0,9.0,2.0,1.0,1.0,0.0,1.0,0.0
16.0,128.0,2.0,1.0,1.0,1.0,0.0,0.0
129.0,237.0,1.0,1.0,1.0,1.0,1.0,0.0
220.74926804621035,221.71283909821403,1.0432779382836992,0.0,1.0384220365663384,0.0,1.00746669198849,1.0493101215430762
210.0,306.0,0.0,0.0,0.0,0.0,0.0,0.0
54.69394226266076,246.458199010637,0.9970111444803833,0.0,1.0207181042089395,0.0,0.0,1.0625278623255199
207.75852907431724,296.335373524185,1.053232942520407,0.9922817963613059,1.0138165421500527,1.012582533283982,0.0,1.02327960876976
143.99698000680556,7.008585313658472,0.0,0.0,0.0,0.9744571162198808,0.0,0.0
118.65144609084956,73.87505991008894,2.0326158863915764,1.0174466913675557,1.0510489802573812,0.9375612684662502,1.021125181324627,0.9842229968551821
266.1501645197505,13.582659571327849,1.0993903282381043,1.0083295289849554,0.0,1.0939138675872093,1.0488791073388095,0.979198023026488
300.0,42.0,1.0,1.0,0.0,1.0,1.0,1.0
296.1828701146657,151.72453073247115,0.9234892927088745,0.0,0.0,0.0,0.0,0.0
49.7409563071515,244.18325337680895,0.9871305366857535,1.0231037127948759,1.0118940385099824,0.9447033387710022,0.0,0.0
276.0,126.0,0.0,1.0,0.0,1.0,1.0,0.0
99.86927380969676,25.97602816767625,1.984473069589624,0.0,1.057039572377727,1.101124345300029,0.9603526248506952,0.9885098148342113
161.71774511149653,16.80347035491336,0.9415676285029845,0.0,0.994581448169058,0.990963885490911,1.058148791311802,1.0045306800862388
18.08831983977233,67.067232461706,1.9899282745944022,1.0142870080638295,0.0,0.9717482869766754,1.0225719383266738,1.0919453282154752
196.46861014779208,341.0003386489934,0.0,0.0,1.007687476440424,0.0,1.006152539327939,1.0115136156627536
262.9920976210326,161.50815455155296,0.0,0.0,0.0,0.0,0.9642662105107964,0.0
37.578266664370794,319.26243265021606,1.9946873861245544,0.0,1.0552740676171057,0.9742280354282021,0.0,0.0
216.0,228.0,0.0,0.0,0.0,0.0,1.0,0.0
160.02447575305678,325.17271204369837,1.9489913423281022,0.0,1.025886395434504,1.0102450428988563,0.0,0.0
45.95836139239114,170.8658781169011,0.9357857090785275,0.0,0.0,0.0,1.0600245228386866,0.9774613813353313
70.0,129.0,0.0,1.0,0.0,1.0,0.0,1.0
156.57895349939525,253.36095274273134,2.291703277120866,0.9804762501528055,1.021217971996165,0.9958447345791698,1.0432930779166893,0.0
34.0,283.0,2.0,1.0,1.0,1.0,1.0,0.0
143.13115196000288,101.14850996366995,0.0,0.0,0.0,0.0,0.0,1.0224488072210838
19.76435065395076,29.013561841697115,0.0,0.9846977267467791,1.0029926480689841,1.0639033052382714,0.9661925473974141,0.0
197.0,84.0,2.0,1.0,1.0,1.0,0.0,1.0
4.0,294.0,0.0,0.0,0.0,0.0,0.0,0.0
132.0,275.0,0.0,1.0,1.0,1.0,1.0,1.0
210.43352955876435,321.269999057293,1.0176609590915398,0.9050019540916528,0.0,0.9615786659236998,0.0,1.0860584564379632
75.0,315.0,2.0,0.0,0.0,1.0,1.0,0.0
55.0,15.0,1.0,0.0,1.0,0.0,0.0,0.0
238.0,140.0,1.0,0.0,1.0,1.0,1.0,0.0
158.22643970592833,253.81962832194088,0.9951257387011471,0.9988517049842774,0.0,0.0,0.0,1.022595309881667
257.0,126.0,0.0,0.0,1.0,1.0,1.0,1.0
51.46080344822791,14.882989755432558,1.0065524581980587,0.0,1.0350852698394775,0.0,0.0,0.0
5.657041402994988,151.46639462261967,0.990120271563882,1.0021348637229222,1.0732715077163861,1.000364149352521,0.0,0.0
7.0,216.0,0.0,1.0,1.0,1.0,1.0,1.0
158.0,319.0,0.0,0.0,0.0,1.0,1.0,1.0
141.0,114.0,1.0,0.0,1.0,1.0,0.0,0.0
5.0,219.0,2.0,1.0,0.0,0.0,0.0,1.0
 165.0,176.0,1.0,0.0,1.0,1.0,0.0,1.0
128.0136502611563,150.97118465759857,0.9713686498652244,0.9852644480577909,1.0775718882944645,0.9990056103073931,1.001979940902607,1.0578309016957506
142.0,229.0,0.0,0.0,1.0,1.0,0.0,1.0
196.0,78.0,2.0,1.0,1.0,0.0,0.0,0.0
184.27530736582165,119.95954675092463,0.0,0.0,0.0,0.9496856123081028,0.9041917809367027,0.0
241.7199260834415,129.0974492719009,0.0,1.0165346613328428,1.0396697600887779,0.0,1.0103890924363108,0.9821768293098478
105.0,116.0,1.0,0.0,1.0,0.0,1.0,1.0
179.54388367400506,99.81698668652527,1.0476517682548878,0.0,0.0,0.0,0.0,0.0
93.0,67.0,0.0,1.0,1.0,0.0,1.0,1.0
30.0,258.0,2.0,1.0,1.0,1.0,1.0,0.0
68.93010592463078,83.93220059471581,1.8064227669160373,1.0381531007869278,0.9966919223097208,0.9179953122145081,0.0,0.0
209.0,266.0,1.0,0.0,1.0,1.0,1.0,1.0
289.03749039647465,221.2193909996179,1.03308643675108,0.0,0.0,0.0,0.0,0.9676770895239846
234.10869004076153,130.14582572600818,0.0,0.0,1.115736615227046,0.9886661111451981,0.9252366969999287,1.0509119105549318
66.0,80.0,2.0,1.0,1.0,1.0,0.0,0.0
167.54864449980832,181.42566099427694,1.0140687066967626,0.0,0.9431177697865362,1.020674080793978,0.996781369199297,1.008315825468756
11.0,192.0,0.0,0.0,0.0,1.0,0.0,0.0
225.0,152.0,2.0,0.0,1.0,1.0,0.0,1.0
189.0,4.0,2.0,0.0,1.0,0.0,0.0,0.0
152.0,242.0,2.0,1.0,0.0,0.0,1.0,0.0
218.0,305.0,1.0,1.0,1.0,1.0,0.0,1.0
158.77278302469196,25.97086771708234,0.0,0.0,1.0082278945314322,0.0,0.954531237623546,0.998008450235801
28.0,312.0,2.0,1.0,0.0,0.0,1.0,1.0
117.0,283.0,2.0,0.0,1.0,1.0,1.0,1.0
134.0,53.0,0.0,1.0,0.0,1.0,1.0,0.0
28.171396623251336,11.014079352086048,0.9670892850578948,0.9691533764852941,1.022358170654286,0.9632920413814527,1.0181258112640883,1.011465945839401
228.85496986711695,214.99474876800468,0.0,0.0,0.0,0.9597865475235665,0.0,1.0206997934360755
218.36818103311396,132.51403915277476,0.939891581641283,0.0,0.9857855886115398,0.0,0.0,0.0
209.87593044159743,61.48704962676073,0.9492116766537919,0.0,1.002541926330492,0.9594060165566635,0.0,1.0059728336702893
85.0,68.0,0.0,0.0,0.0,0.0,1.0,1.0
255.32139416730104,44.22415443717098,0.0,0.0,0.0,0.9825184861886639,1.0015006921308311,0.9447565206607246
301.0,243.0,0.0,1.0,1.0,1.0,0.0,1.0
32.0,38.0,1.0,0.0,1.0,0.0,0.0,0.0
272.0,313.0,2.0,0.0,0.0,1.0,1.0,1.0
227.0,204.0,1.0,0.0,1.0,0.0,1.0,1.0
80.07906488592566,83.20862716465126,1.052522914015348,0.0,0.0,0.0,1.0022613095323278,1.0063784116526957
33.38109609234701,84.15922382856341,0.9721313835743998,1.0083432623720827,1.10562596454814,0.0,1.0039535134104414,0.0
69.0,240.0,1.0,0.0,0.0,0.0,0.0,0.0
151.0,214.0,0.0,1.0,0.0,1.0,1.0,1.0
138.7876177389364,231.64909861370776,0.0,0.0,0.9612954259190114,0.9737127508365977,0.0,0.9620290908543291
231.0,291.0,2.0,1.0,0.0,0.0,1.0,0.0
99.0,108.0,0.0,0.0,1.0,0.0,1.0,0.0
27.411624416244802,285.57118727553654,2.0354861644655,0.9879290082240888,0.0,0.0,1.0389886405201563,0.8810040318909489
217.0,210.0,0.0,0.0,0.0,0.0,1.0,0.0
13.0,209.0,2.0,1.0,1.0,1.0,0.0,0.0
53.0,189.0,2.0,1.0,1.0,1.0,1.0,1.0
36.0,25.0,0.0,1.0,1.0,0.0,0.0,1.0
158.6029511616009,240.20062293788675,1.9826778568648236,0.0,1.0562493553190082,0.0,0.0,0.0
204.51421427019872,183.3718092745078,1.0955961619284913,1.0490958581634446,0.9673866748448343,0.0,0.0,1.0117030655447157
302.2443927796314,9.198066537314892,2.0034769014593268,0.9817156507563772,0.0,0.0,0.0,0.0
91.0,90.0,1.0,1.0,0.0,0.0,0.0,1.0
162.0,245.0,0.0,0.0,1.0,0.0,0.0,0.0
71.0,262.0,2.0,0.0,0.0,1.0,0.0,0.0
18.69815220627306,297.5109674594327,0.9344514582138554,0.0,0.0,1.00357690812253,0.0,0.9653926474811964
68.88551398767737,157.56363602834006,1.8975748689372125,0.0,1.0133498048428855,0.0,0.0,0.0
121.0,284.0,2.0,1.0,1.0,1.0,0.0,0.0
18.0,46.0,1.0,1.0,1.0,0.0,1.0,1.0
139.47927866811568,332.72050854741383,2.0141479341483803,0.98222541685429,1.047095148088051,1.0774037199272053,1.0095728068074967,0.0
160.0,274.0,1.0,1.0,0.0,0.0,0.0,1.0
245.31302878481785,119.59671949555023,0.9998068860604069,0.0,1.0049778798799984,0.9310905824083447,0.0,0.0
138.0,8.0,0.0,0.0,0.0,1.0,0.0,0.0
33.561639417995934,318.7592324816525,0.0,0.0,1.0201319978496002,0.0,0.0,1.0660121483626335
113.24879341792442,304.9346759553094,0.0,0.0,0.0,0.0,0.8843906498530851,1.031964650163272
211.0,279.0,0.0,0.0,1.0,0.0,1.0,1.0
96.19917362374929,108.71166145434121,0.0,0.0,0.9124122041605058,0.0,1.066581771498392,0.0
64.036626250277,281.1916300871706,1.0862642828484672,0.0,0.0,0.9813042926972395,0.9958218723403569,0.9933914864414575
52.0,198.0,1.0,1.0,0.0,1.0,1.0,0.0
267.0,235.0,1.0,0.0,0.0,0.0,0.0,1.0
166.7512086979379,181.52922212126143,0.0,1.0139151025781588,0.0,1.0090131396950757,0.0,0.0
292.8373091707186,55.14153053760804,2.0583372231271415,1.129584736065478,0.0,0.0,0.933467992307699,1.0332824995291956
102.0,27.0,2.0,0.0,1.0,1.0,1.0,1.0
245.75744439383965,332.8190378106624,0.0,0.0,0.0,1.025432527177371,0.0,0.0
83.0,299.0,0.0,0.0,0.0,0.0,1.0,0.0
260.0,138.0,2.0,1.0,0.0,1.0,1.0,1.0
181.0,201.0,1.0,0.0,0.0,1.0,0.0,1.0
21.55416883311632,277.49959538793024,2.0540384047773665,0.9881428045281913,1.011376947694812,0.0,0.0,0.0
73.90485079733273,227.7886321322039,0.0,1.0363119936635483,0.0,0.0,0.0,0.9005515466127079
256.0,95.0,1.0,0.0,1.0,1.0,1.0,1.0
69.18058438789295,210.1458625326147,2.0580518545595705,0.9629252286294666,0.9754586760042976,1.0367354833786497,1.067935389942208,0.0
221.19310727774774,251.42217847063975,0.9439059516832874,0.0,1.0591258458835155,0.0,1.056194943344567,0.9327125447975215
236.0,111.0,2.0,0.0,0.0,1.0,0.0,0.0
285.0,212.0,0.0,1.0,1.0,1.0,1.0,1.0
95.0,215.0,2.0,0.0,1.0,0.0,0.0,0.0
224.0,40.0,2.0,1.0,0.0,0.0,0.0,0.0
49.52918559316871,202.21598254518594,2.115288804512874,0.9337766718054694,0.9782586604366131,0.0,0.9579113546160563,0.0
296.0,63.0,1.0,1.0,0.0,0.0,0.0,1.0
75.79637557378832,40.94227568387677,1.102578716091011,1.0315272104341726,0.0,0.0,1.0694896289880913,0.9873430025269847
94.45771326791721,90.21684939636556,1.0000771984206127,1.1084635367562843,0.0,0.0,0.0,0.9233249694594012
181.10081166909367,188.75347959959413,0.9066218031780622,0.9632880026154179,1.0161263131627984,0.0,1.0226994532189773,1.0427867625988094
43.53328738222598,204.98502326583636,1.9542281051961181,0.8969761535533249,1.0919955499584442,0.0,1.000409741709837,0.0
226.32446240466263,39.68757420363871,0.0,1.011140105085943,0.0,1.0348283171728772,0.0,0.0
287.6770623400536,165.763327700595,0.0,0.0,1.0222401499009788,0.0,0.9701800047010096,0.0
51.0,196.0,2.0,1.0,1.0,0.0,1.0,0.0
112.94214740233268,245.2213154881199,0.0,0.0,0.0,0.9646020314684001,0.0,1.0015436592102127
174.0,185.0,0.0,1.0,0.0,1.0,0.0,0.0
303.0,147.0,0.0,0.0,0.0,0.0,1.0,0.0
266.0,55.0,1.0,1.0,1.0,0.0,1.0,1.0
307.5157284283549,302.7482753045915,0.0,1.0107141245869065,0.0,0.9662099573285753,0.9832222053424349,0.9198441872034898
136.9553779640405,245.90674393839936,1.0388207459319216,1.0122217673989509,1.0928421831424586,0.9045656143614589,0.9956511951186638,0.0
96.40326460325362,203.2855754488427,1.0163344732670854,0.0,1.011930003663305,0.0,0.0,0.0
208.0,251.0,2.0,1.0,0.0,0.0,1.0,0.0
120.05372296952706,334.16375160015565,0.9863922811180381,0.9379545467245096,0.0,0.0,0.0,1.0455637319917028
148.92027355824808,335.0496758689658,2.004337195668335,1.0622956924309228,0.0,0.0,0.0,0.0
118.0,249.0,1.0,1.0,0.0,0.0,0.0,1.0
128.4343192418772,232.1004567192783,2.0463224456000133,1.0255451689543291,0.9737821218704614,0.0,0.9407308685649757,0.9473363349689916
187.72929528324627,154.34461501642718,1.9691461028710961,0.0,0.0,0.0,0.0,0.9563530852671369
197.0,153.0,2.0,0.0,0.0,0.0,1.0,0.0
263.783296555349,96.4193626948464,0.0,0.0,0.8991909435199724,1.015287665451703,0.0,0.9611912217551056
173.5354422647404,22.658860303385783,2.0092511308982144,0.0,0.965190076384791,0.0,0.0,0.0
194.0,1.0,0.0,1.0,1.0,0.0,1.0,1.0
248.0,101.0,1.0,0.0,1.0,1.0,1.0,1.0
162.0,211.0,2.0,0.0,0.0,1.0,0.0,0.0
111.0,254.0,2.0,1.0,0.0,0.0,0.0,1.0
23.382428630278543,178.36395700529602,0.0,0.0,0.9631813623822,0.0,1.019067579057746,1.0052184390934709
64.41086250445747,231.70222532394828,1.0484601610889501,0.0,1.0062642731639344,0.0,1.1422938725144502,0.9954706489305943
94.0,259.0,1.0,0.0,1.0,0.0,0.0,0.0
305.2935146811124,18.32939333161976,2.0348258221514133,1.0879608301781214,0.0,0.0,0.9965898513738224,0.0
52.24421420726632,69.28954057645942,0.0,0.9766429650841055,0.0,1.001763609632265,0.0,0.8832792205392429
132.9229821589984,297.56309572886977,0.0,0.997647827585076,0.0,0.8810619036370649,0.9325174985017078,0.9389264761438337
93.9392276205002,147.7985815208894,1.8394545300960923,0.9463882023322348,1.0042963304666204,1.0458120231484966,0.0,1.0319979845330767
194.0,121.0,0.0,0.0,0.0,1.0,1.0,0.0
233.30654749428018,0.0,0.0,0.0,0.0,0.9160638618825736,1.0349343354676657,0.0
291.0,199.0,1.0,0.0,1.0,0.0,0.0,1.0
254.0,167.0,0.0,1.0,0.0,1.0,1.0,0.0
117.0,255.0,0.0,1.0,1.0,1.0,1.0,1.0
298.0,112.0,2.0,0.0,1.0,1.0,0.0,0.0
194.48767911523146,233.5720981273607,0.0,0.0,0.9713791207109977,0.0,0.0,0.0
191.59663523701232,88.60046661647463,1.9704997291482864,0.9842120995891452,0.9949335488590955,1.0490535461939356,0.0,0.9523287849588749
45.225615508856194,10.30886823766401,0.9609592701458544,1.0654906667596062,0.0,0.9723156242037948,0.0,1.0952894117181335
137.08049385319188,77.06880760990066,0.0,0.8974488755736951,0.0,0.0,1.035003634816312,0.0
15.0,93.0,1.0,1.0,0.0,0.0,0.0,1.0
121.65492952001233,109.92261972892526,1.8555077495854202,1.04420621605157,1.0081972472279013,0.0,0.9606224265518389,0.9084946755641204
215.0,314.0,0.0,0.0,1.0,0.0,1.0,1.0
64.0,108.0,1.0,1.0,0.0,0.0,1.0,1.0
281.0,59.0,2.0,1.0,0.0,0.0,1.0,1.0
82.83819309287273,313.3632676942083,2.1233342180450796,0.0,0.0,0.9720578651464371,0.9728825013194843,0.0
200.0,256.0,0.0,0.0,1.0,1.0,0.0,1.0
302.4326775257066,7.687105295447276,0.9203948165181086,0.9963356060498213,1.0272704386916565,0.0,0.0,0.9987134122055323
246.0,304.0,0.0,0.0,1.0,1.0,0.0,1.0
17.0,281.0,1.0,0.0,0.0,1.0,0.0,1.0
258.0392546618728,179.17979031652948,0.0,0.9518928235570343,0.0,0.8951047657855568,0.8827960551325311,0.0
104.0,271.0,2.0,1.0,1.0,0.0,0.0,0.0
143.0,156.0,1.0,0.0,1.0,1.0,0.0,0.0
221.0,225.0,0.0,1.0,1.0,0.0,0.0,0.0
231.8966205813473,257.9108116278367,0.0,0.0,0.0,0.9834881444487876,1.0462457334609272,0.9847351512139045
105.0202930885522,103.02682621586725,1.8774816501428326,0.0,0.9720789915756234,0.0,0.9912569182161659,0.0
64.0,106.0,2.0,1.0,1.0,1.0,1.0,1.0
46.0,8.0,2.0,1.0,0.0,1.0,0.0,0.0
282.8936182226703,216.56165528461324,0.0,1.024385771309934,1.0811971743508133,0.9823275485625065,1.095579750600218,1.0194628460713364
193.0,155.0,0.0,0.0,0.0,0.0,1.0,1.0
117.0,109.0,2.0,1.0,1.0,0.0,1.0,1.0
283.0,106.0,1.0,1.0,1.0,0.0,0.0,1.0
23.0,174.0,2.0,0.0,1.0,1.0,0.0,0.0
196.05856400647104,257.5971006452628,0.0,0.0,1.0613329917155265,0.9947145959512156,0.0,0.9951954390415634
214.0,322.0,1.0,1.0,0.0,1.0,0.0,1.0
275.0,94.0,0.0,1.0,1.0,0.0,1.0,1.0
100.62171792440564,183.26574804702545,0.9784139658955291,0.0,1.0000733685721055,1.0369199224530268,1.0283312474620536,0.0
49.0,253.0,1.0,1.0,1.0,1.0,0.0,0.0
127.0,295.0,0.0,1.0,0.0,1.0,1.0,1.0
175.0,99.0,0.0,1.0,0.0,0.0,0.0,1.0
79.74093939754049,117.72763187500615,2.012822454150382,0.0,0.0,0.9874210361486552,0.0,0.0
85.25461376853842,82.70393900622332,1.0303601994872122,0.0,0.9623738942709077,0.0,0.0,1.0226197241645185
34.43669747917407,125.51794888658229,1.8365884148162965,1.054665668933416,0.0,0.9133214885789274,0.0,0.0
182.2073760299678,38.68396561083579,0.9362739563057435,1.0896557163803748,0.0,0.0,0.0,0.9770589463662448
104.0,5.0,0.0,1.0,1.0,0.0,1.0,1.0
137.87903374043316,271.09001874217233,0.9935205194662977,0.9922475670574185,0.9689263297642761,0.0,0.9295225559796196,0.9651415842591883
239.0,159.0,2.0,0.0,0.0,1.0,1.0,0.0
14.0,34.0,0.0,1.0,0.0,1.0,1.0,1.0
13.503526813328548,206.75721404672447,1.910461545780844,1.0199249389364202,1.0394885514318353,1.0330618174057429,0.0,0.0
33.95941042847102,34.427165582719205,2.055544618220293,0.9708549899423283,0.9366471448967466,0.0,1.0325115754724772,0.0
76.52813624019142,87.80574774188258,1.8727169579546055,0.0,0.0,1.0809189238445656,0.9471709282211382,1.033497138808031
244.0,66.0,0.0,1.0,1.0,1.0,1.0,1.0
246.0,215.0,0.0,0.0,0.0,0.0,1.0,1.0
249.11991815084912,176.3838374438532,2.0215885958035598,0.0,0.0,0.0,0.0,0.0
288.0,7.0,1.0,1.0,1.0,0.0,0.0,1.0
190.10867413641208,194.93294291844018,0.891931945368732,0.0,0.0,0.9705190368719757,0.0,1.0256085559643595
168.1811101988381,211.8225739984938,2.227984548297451,0.0,0.0,0.9340666385985671,0.0,0.0
297.1333042109242,280.8943405745507,1.0191165163899945,0.0,0.9640483202018754,1.0552706202607491,1.006856670065961,0.9614891542634337
76.244510709331,55.83471090004834,2.1568665897078145,0.9737859195170853,1.0500018722912956,0.0,0.958954342091358,1.06450903193893
65.0,163.0,0.0,0.0,0.0,1.0,0.0,1.0
171.0,270.0,2.0,0.0,0.0,1.0,0.0,0.0
255.57478722409226,55.7296268937326,1.0037092805761083,0.9294867735913002,0.9851572553134015,0.0,0.9948882667907212,1.0984122227580886
0.0,55.0,2.0,0.0,0.0,1.0,0.0,0.0
69.0,226.0,0.0,1.0,0.0,0.0,0.0,1.0
51.93704983115324,194.7871815195412,2.0019034176216075,0.9445262227580128,1.0112371059791088,0.998125461413759,1.0305871303332201,1.0693815440392023
170.0,234.0,0.0,0.0,1.0,1.0,0.0,1.0
220.0,134.0,1.0,0.0,1.0,0.0,0.0,0.0
39.0,56.0,2.0,1.0,0.0,0.0,0.0,0.0
261.73011902881507,111.86727764098822,0.0,0.0,0.0,0.0,0.0,0.0
256.0,157.0,0.0,1.0,1.0,0.0,0.0,1.0
273.0,239.0,1.0,0.0,0.0,1.0,1.0,1.0
100.21356465947039,36.61545889906074,1.8845644104951866,1.0372626114409103,1.014870034569555,0.0,1.0155043454176267,0.0
233.95075380882068,7.918200136492065,1.9410492827695385,0.9821016555623301,1.0707873303830056,0.0,1.069362512798339,0.0
158.0,121.0,2.0,0.0,0.0,1.0,1.0,1.0
161.0,75.0,1.0,0.0,1.0,1.0,1.0,1.0
164.5726927815384,48.68826849804888,1.006197896625295,0.0,0.0,0.9753438374210266,1.005670759909908,1.0606507360040003
111.99718314221641,301.2862172736356,0.0,1.0368819600029942,1.0112705071314996,0.9958550004641421,0.0,1.0266016162711333
123.0,299.0,0.0,0.0,0.0,0.0,1.0,1.0
254.34047988215198,300.48325810913394,0.9581489951779443,0.0,0.0,0.0,0.0,0.0
248.3023635381096,201.74997395322518,0.0,0.0,0.0,0.0,0.9402445719869897,1.0586614545646749
43.61695502159899,270.24542278759895,0.0,0.0,0.0,1.071357512398172,0.9811493358506604,1.004721368985738
248.09750796969968,293.9167649379888,1.992156977971535,0.0,0.0,1.0370697045750994,0.0,0.0
42.0,205.0,1.0,1.0,1.0,1.0,1.0,1.0
289.0,61.0,2.0,0.0,0.0,0.0,0.0,1.0
202.2396671150432,176.63400755093477,1.9368588363245869,1.0229007775744927,0.9508916524757535,0.9816631960741489,1.057273349327967,0.9821680752930478
147.6331492127296,121.49232499371011,2.093156923106376,0.0,0.0,0.9794871982039457,0.9662756412809614,1.04624912604329
240.34040522200613,123.87886071719012,1.030307593576768,0.0,1.0694721566758898,1.0674721252819412,0.9298897454831594,1.1463078669259146
35.0,312.0,0.0,0.0,1.0,0.0,0.0,1.0
126.0,2.0,0.0,1.0,1.0,1.0,0.0,0.0
148.62694155434588,254.1169752137838,2.089038209576505,1.0738095049864902,0.0,0.0,1.1092405155492404,0.0
171.61307582019094,209.62581032141946,1.0821635663842968,1.0260302359080502,0.0,0.9689168997476242,1.035988825973885,0.9981481409700432
72.0,57.0,2.0,1.0,1.0,0.0,1.0,1.0
12.691062881632124,279.6418991423803,1.0016868647466401,0.9809964016553773,1.0507447171031505,0.0,0.9537272375950471,0.0
159.0,26.0,0.0,0.0,1.0,0.0,1.0,1.0
143.7648211390369,113.39629764690564,0.0,0.0,0.0,1.0216587092992402,0.0,0.0
210.67026286785287,130.2071269965239,2.02896535209003,0.9770822203627147,0.0,0.0,0.9822292847935726,0.0
20.229635315073825,279.21005069906687,0.0,1.0369960380123275,0.0,0.8702895421346577,0.0,0.0
48.0,296.0,2.0,0.0,1.0,0.0,1.0,0.0
96.0,246.0,2.0,1.0,1.0,0.0,1.0,1.0
117.69850882294263,84.52089667407732,1.9947178260472422,0.9193330299125269,0.0,1.0032384394809817,1.0074225141825528,1.011948920903188
68.0,276.0,0.0,1.0,1.0,1.0,1.0,1.0
235.0,120.0,1.0,0.0,1.0,1.0,1.0,1.0
12.0,290.0,1.0,1.0,1.0,0.0,1.0,0.0
103.0,36.0,2.0,1.0,1.0,0.0,1.0,0.0
74.0,47.0,2.0,0.0,1.0,0.0,0.0,0.0
204.0,268.0,1.0,1.0,0.0,0.0,0.0,1.0
140.0,97.0,0.0,1.0,1.0,1.0,0.0,1.0
230.0,205.0,2.0,1.0,1.0,1.0,1.0,1.0
116.28489646713184,136.32162232700966,0.0,0.975020867984408,0.0,0.0,0.0,0.0
81.0,214.0,0.0,0.0,1.0,1.0,0.0,1.0
139.0,102.0,0.0,0.0,0.0,0.0,0.0,1.0
103.89950676234118,317.09488189171583,0.0,0.0,1.0534458009212657,0.9491555725435444,0.8753324975758657,0.9943521767385445
95.0,203.0,1.0,0.0,1.0,0.0,0.0,0.0
161.59255294189998,305.1214763437059,2.05748423257704,0.0,1.0623856145929909,0.0,0.0,0.9280962824254897
136.59348678887505,45.519444922788196,1.0266216864355158,0.0,0.0,1.008868967029214,1.0224554045345193,0.981120170986577
32.0,279.0,2.0,0.0,0.0,0.0,0.0,1.0
226.0,239.0,2.0,0.0,1.0,1.0,0.0,0.0
153.0,192.0,0.0,0.0,1.0,0.0,0.0,0.0
64.08483505999128,104.54525044656363,0.943436950330498,0.9518599118015751,1.0068644389743833,0.0,0.0,0.962485566541298
51.0,166.0,1.0,0.0,0.0,0.0,1.0,1.0
145.0,98.0,1.0,0.0,0.0,1.0,0.0,1.0
43.0,190.0,2.0,1.0,1.0,0.0,1.0,0.0
21.0,107.0,1.0,0.0,0.0,0.0,0.0,0.0
110.0,154.0,0.0,1.0,1.0,1.0,1.0,1.0
187.93456644924757,260.5375174657249,1.9857579264912435,0.0,0.0,0.9462661201008447,0.0,0.0
211.91773527668417,75.3871875059449,1.9703398391977127,0.0,1.0383573450717871,0.9861190650431741,0.9265868656518976,0.0
113.78507469268878,102.73621755215324,0.0,0.0,0.0,1.0826342732340972,0.0,1.009197320125071
219.0,8.0,2.0,1.0,1.0,0.0,1.0,0.0
207.14678101118272,21.487379807016453,1.0021895823931555,0.0,0.0,0.0,0.0,0.0
19.0,28.0,0.0,1.0,1.0,1.0,1.0,0.0
199.0,308.0,1.0,0.0,1.0,0.0,1.0,1.0
0.9897621720459923,133.61468609557355,0.0,0.0,1.0132240200536569,0.9355312821055075,1.0599423437808375,1.0687388644460476
105.56377879759731,221.2733769035535,0.0,0.0,0.0,1.0545258837371334,0.0,1.0034066277849674
3.0,14.0,0.0,1.0,1.0,0.0,1.0,1.0
94.14585769718116,218.99279538457256,1.0120777434238197,0.9948760388428796,0.0,1.0687775956681604,0.0,1.0120223752570006
9.0,123.0,1.0,0.0,1.0,0.0,0.0,0.0
98.0,176.0,0.0,1.0,0.0,0.0,1.0,0.0
213.2759227395336,107.30767139076073,0.990175414996037,0.9215559353488306,0.8750258735861824,1.0463934382737607,0.9490918607270454,1.0408277258782799
191.0,129.0,1.0,0.0,1.0,0.0,1.0,1.0
215.0,287.0,0.0,1.0,1.0,1.0,0.0,1.0
155.881830598759,338.48624482534325,0.0,0.0,0.0,0.9773313789685081,0.9690505192776069,0.9549422524330523
247.0,0.0,0.0,0.0,0.0,1.0,1.0,0.0
42.352897650732544,100.82106984562488,2.161549194389008,0.9546065595761295,0.0,1.0376354346803092,0.0,0.0
54.0,273.0,1.0,0.0,0.0,0.0,1.0,1.0
89.0,32.0,0.0,1.0,1.0,0.0,1.0,1.0
55.0,72.0,0.0,1.0,0.0,1.0,0.0,1.0
263.0,13.0,1.0,1.0,0.0,1.0,1.0,1.0
77.0,119.0,2.0,1.0,0.0,0.0,0.0,1.0
101.0,135.0,2.0,0.0,1.0,0.0,1.0,1.0
91.22644661704702,218.5312907516294,1.0172466921261305,0.8941548704021826,1.015749376771025,0.8960515217516242,0.9372091607878836,1.0400380091685753
248.5075358449953,134.12960764935752,0.9591399465248993,0.0,1.0126592717570295,0.938732478170885,1.067879410463842,0.0
290.3502850926027,272.23167527328957,1.9055130227704244,1.0066620026987405,1.0606077299184247,0.9375655757285706,0.0,0.0
46.849200045938666,7.005734479371572,1.9001349309652193,1.0062772639649882,0.0,0.9403022888977384,0.0,0.0
273.46841636609,81.10013798545056,2.0938428857580185,0.0,0.0,1.0137406730598744,0.0,0.0
278.0,81.0,1.0,0.0,0.0,0.0,1.0,1.0
220.0,217.0,0.0,1.0,0.0,1.0,0.0,1.0
247.99653755784323,157.18290514054664,2.0060787683319985,0.0,0.0,1.0450996726375068,0.9983557150398603,0.0
250.4677702495707,199.69816407300857,2.0535595396844046,0.0,1.046783718962537,1.0610235561593362,0.0,1.0973522404236014
6.7370140240609935,206.86067644827773,0.0,1.0012484931690981,0.9077559813580948,0.9274205210725056,0.9325776125484446,1.0253582879607777
298.0,161.0,0.0,0.0,1.0,0.0,1.0,0.0
24.0,195.0,0.0,0.0,1.0,0.0,1.0,1.0
183.0,323.0,2.0,0.0,1.0,0.0,0.0,0.0
186.27327671606002,72.25473093595446,1.8756484327675909,0.0,0.0,0.9868222223991733,0.9211096797370176,0.0
34.24510938556518,289.25336167230256,1.93634427902739,1.0151075118715929,0.978371212143846,1.0237326822878672,1.0020606387514002,0.0
282.8719708058273,82.90969036090972,1.0990775125024468,0.0,0.0,0.0,0.8666185142696787,0.9637717621229408
31.61652197041572,22.175123290676904,0.0,0.9395375622769198,0.9819616793401829,0.0,0.0,0.9785461674514787
3.794661248385143,293.1334859572714,0.0,0.0,0.0,0.0,0.0,0.0
141.75220065684138,210.8144814836935,2.041083196312415,0.9514141410361536,0.989220112433008,0.0,0.0,0.0
69.77535715932062,291.18379748600427,0.0,1.0304239840653244,1.050125222744102,0.9683016687184999,1.028495069822132,0.9260346126908305
211.0,269.0,1.0,0.0,1.0,0.0,1.0,1.0
264.71859247349374,121.4827296090416,1.11057017879651,0.0,0.9632733090825985,0.0,0.0,0.0
63.0,218.0,1.0,0.0,1.0,0.0,1.0,1.0
48.80483395190325,263.82412968883716,1.853038169599371,0.0,0.983622028831551,1.010079198032018,0.0,0.0
229.0,142.0,1.0,1.0,1.0,0.0,0.0,0.0
239.79263836726446,77.169394021548,1.8817850751198202,1.0384910451578893,0.9878187808644286,1.0212125293834426,0.0,0.0
107.0,229.0,0.0,0.0,0.0,1.0,0.0,1.0
231.0,73.0,2.0,0.0,1.0,1.0,1.0,0.0
143.22196644236396,65.8129694551308,2.0766987931380037,0.906414244013798,0.0,0.0,0.9165236525352616,0.0
130.0,164.0,1.0,1.0,1.0,1.0,1.0,1.0
199.5875382877536,30.903620915803106,0.9233493666371134,1.0343070962120884,1.0996851034074377,1.0502779423503088,0.9371177281100477,1.0175249885895699
220.23555944411586,237.2706159794095,0.0,0.0,1.0024698673457693,0.0,1.0149348331160633,0.9210409161914462
255.59207736035611,152.53849568792643,1.935803363266752,1.032665715710727,0.962542367256647,0.0,0.0,0.953634637303468
182.0,62.0,0.0,1.0,1.0,0.0,0.0,0.0
110.4794951046997,122.3638837120966,0.9463474520646767,0.0,1.024376102934784,0.0,1.057233249212437,1.0378265950493355
33.0,88.0,1.0,1.0,1.0,0.0,1.0,0.0
213.0,58.0,1.0,0.0,1.0,1.0,0.0,1.0
244.7051714283746,290.006448567623,0.8998928723379724,0.0,1.0950932306625496,0.9518612574366467,1.069313804104041,0.9851834858675658
60.902281804184966,129.3583968956697,2.0203414673389584,1.0099848098312698,0.8761659221984989,0.0,0.983634798436281,0.0
116.0,191.0,1.0,1.0,1.0,0.0,1.0,0.0
202.0,176.0,1.0,1.0,1.0,0.0,0.0,1.0
59.0,127.0,2.0,1.0,1.0,0.0,1.0,0.0
277.9463809525037,194.53914267143304,0.0,0.9311916491791032,1.04931166976378,0.9939714771615392,0.0,0.8943324603380866
186.0,31.0,1.0,1.0,1.0,1.0,1.0,1.0
120.71930292718986,260.706828681696,0.0,0.9909220539202384,1.005149779988084,0.9396166823549033,0.8794668652545929,1.0093787396595486
36.604443181057235,56.464648415874485,1.9605875529442207,1.0294668642366924,0.0,0.0,0.0,0.0
46.322501012751715,63.28898060935994,2.176083133993773,0.9528495298010048,0.0,0.9066141000920159,0.0,0.0
234.53192680115356,157.62604809348343,1.0590500265501972,0.0,0.0,1.0687795380326204,1.1110240310760595,1.0387089759271613
51.0,145.0,2.0,1.0,1.0,1.0,1.0,1.0
249.1860545042497,308.1900806040407,0.0,0.0,1.0000236017394541,0.8959906013679064,0.0,1.079676199930474
293.8567568355923,177.26982928851749,0.962678182038636,0.0,0.0,0.0,0.0,0.0
129.8870762054061,202.09319988975858,1.9129469743771992,0.0,0.9886336206342832,0.9242236769307205,0.0,0.0
49.86326267026943,142.81989022030967,0.0,1.0302548916314793,1.0044178995578037,1.004665132128378,0.9965282965760335,0.9657859231787146
251.01743155569355,326.92126915335757,2.092377785264398,0.0,0.9973510862535235,0.0,0.0,0.0
175.9249549358321,312.22032278354845,0.0,1.0532551434366018,1.017150598010673,1.0857850046440303,1.055469008350822,1.0043117437648599
268.0,41.0,0.0,0.0,0.0,1.0,0.0,1.0
227.9592488734407,189.43287655639625,0.0,0.0,0.0,0.0,1.008111230668908,0.0
40.0,102.0,2.0,1.0,0.0,1.0,0.0,0.0
229.50106950063727,137.3706437777395,1.083981861671063,1.0499911760531213,0.935759937493869,0.0,0.0,0.0
228.78424271593738,211.4403829688534,1.8740628725034036,0.9461996681142603,0.9040353710571516,0.9440823886999758,1.0260837324585874,1.0433010532492302
55.62115727767349,64.46613102532017,0.9871652485937806,0.0,0.0,1.0242063960019614,1.0173759017952635,1.0073105677948793
133.0,65.0,2.0,1.0,0.0,0.0,1.0,0.0
135.0,77.0,0.0,1.0,0.0,0.0,1.0,0.0
269.7312818313438,109.93338621572005,0.0,0.0,0.0,0.0,1.0201468436210266,1.019373339638171
134.0,188.0,2.0,0.0,1.0,1.0,0.0,0.0
115.6700005855897,33.018785046751596,1.0992972388044004,0.0,0.0,0.994957759081077,0.9509377025699665,1.010961945874517
143.00160502441983,96.70861591445106,0.0,1.0196365470190996,1.0079923024856396,0.992491217430255,0.0,0.9556060407231911
276.0,49.0,2.0,1.0,0.0,0.0,0.0,0.0
245.0,265.0,0.0,0.0,0.0,1.0,1.0,1.0
259.0,187.0,2.0,0.0,0.0,0.0,0.0,0.0
250.78939047104546,96.51858271785423,1.1128928150128823,0.0,0.9727223698631556,0.9737582260449615,1.0165799977139531,1.0991342460804585
97.09811222411847,241.89070275272866,2.105776864730224,1.004938971877553,1.0708063141040753,0.0,1.0587612227783916,0.9646023534682049
50.0,268.0,1.0,1.0,1.0,0.0,0.0,0.0
67.63629694691792,100.7640354817026,2.0944042148149085,0.9688081741318613,1.010000033291583,1.0485107871135608,1.037676537555034,0.9996379800702927
186.04017292299602,135.69797085656631,0.0,0.9851044336000965,0.0,1.0152960035523706,0.0,0.0
136.0,45.0,1.0,0.0,0.0,1.0,1.0,1.0
73.39979135578125,139.8979462625325,0.0,0.0,0.0,0.0,0.0,0.0
37.0,298.0,2.0,0.0,1.0,1.0,0.0,0.0
27.01033695373627,124.36829287548875,0.9819753830664665,0.0,0.0,1.0711645974211916,0.9441272495552906,0.9685421906939151
125.0,132.0,0.0,1.0,0.0,0.0,0.0,0.0
297.0,306.0,0.0,1.0,0.0,1.0,1.0,1.0
171.3778028308324,327.0906162995316,1.0883878678980106,0.0,0.0,0.9132256232416177,0.0,1.0308703545933997
45.09252352639242,183.88723891559658,0.9907234748826768,0.9443156689047231,1.0603745624637269,0.8768920438307477,1.002834373864922,0.9204250922986329
299.4593130715706,157.4114108421554,0.9699494939684055,0.0,0.0,0.9862008928446625,0.9779126638251537,1.0752660759986281
293.0,141.0,2.0,1.0,0.0,0.0,1.0,1.0
179.0,208.0,1.0,1.0,0.0,1.0,1.0,1.0
108.24639838193445,146.04823672237248,1.0621204653948102,0.0,0.9965921684782781,0.0,0.0,0.0
124.0,74.0,0.0,1.0,0.0,0.0,1.0,1.0
266.93988488118015,101.89077017480686,0.9154149088702502,1.0144082753821044,1.0641891304162887,0.0,0.0,0.9210373511283751
74.27406579480443,209.68473727348712,0.0,0.0,0.9605892416349042,1.0571387633333775,0.0,1.028168652088244
120.90869217882012,76.97881001804953,0.0,1.0252753878795897,0.0,0.0,0.943840142983011,1.0046256302136878
21.775864630035436,170.51891611294693,2.0020015550110926,0.0,1.0654237084600082,0.9973994609591478,0.0,0.0
198.0,230.0,0.0,0.0,1.0,0.0,0.0,0.0
27.0,277.0,1.0,0.0,0.0,0.0,1.0,1.0
187.55302436321128,152.5317660587538,0.0,0.0,0.0,0.0,1.106609283340319,0.998499213397605
260.22597448289406,266.33378942196896,2.0828503079820018,0.0,0.0,0.0,0.0,0.0
153.51711321896175,108.23168812941827,0.0,0.0,0.0,0.9856254509937735,0.0,0.9286096735457814
67.0,143.0,2.0,0.0,1.0,0.0,0.0,0.0
226.61204191777395,29.443081005713875,0.0,0.0,0.9819489741198857,0.9965988554647561,1.0367577615994625,0.920957827122879
46.0,259.0,2.0,0.0,1.0,1.0,0.0,0.0
175.0,293.0,2.0,0.0,1.0,1.0,0.0,0.0
257.0,111.0,0.0,0.0,0.0,0.0,0.0,0.0
169.76332827772544,59.916388758658286,0.0,0.9581078351988722,1.0290572778504337,0.0,0.0,0.0
185.0,21.0,2.0,0.0,1.0,0.0,0.0,0.0
77.20893378109487,296.4542462492043,0.0,0.0,0.0,0.0,1.1141171169113282,0.0
59.0,110.0,1.0,1.0,1.0,0.0,0.0,1.0
275.0,233.0,1.0,1.0,0.0,0.0,0.0,0.0
295.0,184.0,1.0,0.0,0.0,0.0,0.0,0.0
173.26509622874968,100.39593458444251,0.0,0.9430877026970035,0.0,0.0,0.0,0.988817196469354
233.0,220.0,0.0,0.0,0.0,1.0,0.0,1.0
47.0,301.0,0.0,0.0,0.0,1.0,1.0,1.0
88.0,83.0,1.0,0.0,1.0,0.0,0.0,1.0
157.22822231409225,98.83019761115385,0.9992264577616478,0.0,0.0,1.0505531543946451,0.0,0.9857402762654108
286.0,257.0,0.0,1.0,1.0,0.0,1.0,1.0
192.35274626988118,0.9641168862013939,0.0,0.9961258612834057,1.049984457697268,0.0,0.9129794262971974,1.029533264835219
93.77941898271162,65.49175109732728,0.0,0.951820429748964,0.9542667588417794,0.0,0.9992128925733683,1.0015211840021239
38.0,238.0,2.0,1.0,1.0,1.0,0.0,1.0
312.8874296565956,162.3327656550149,1.9420938398660774,1.009706607600282,0.9822704683748509,0.0,0.0,0.0
50.491008085472615,107.13755296639853,0.9777471328056373,1.0098774314025074,0.9982946399505228,0.9263871318258514,0.0,0.0
203.532380014632,273.6064529418854,0.0,0.0,1.0247568935022986,0.0,0.9677742640420225,1.1073892413620257
224.34984978351565,165.38526508618108,0.0,0.9487757500492281,0.0,0.0,0.0,0.9562218949783369
109.0,250.0,1.0,0.0,1.0,0.0,0.0,1.0
144.7335863748235,52.03550187490634,2.2157714304437968,0.0,0.997763246979239,0.9865973918719355,0.0,0.0
173.67789240942082,69.1348787277413,1.8526924356935386,0.0,0.0,0.0,0.9764212648321732,0.9728208928226595
211.73442509063798,272.9153198024512,1.865649927017548,0.9572153899913136,0.0,0.0,1.0421653337216479,0.0
54.90992646242727,67.50059433551779,0.9640823480584678,0.0,1.0462005528628586,0.0,0.0,0.9828302262637852
270.0,83.0,0.0,0.0,1.0,1.0,1.0,1.0
134.0165210575664,52.36936409521903,0.0,0.9294095889629339,0.0,1.1533751055793324,1.009128149534767,0.0
287.0050723504903,126.92233877722842,0.0,0.0,0.0,0.0,1.106042047397456,0.9825758400288566
182.0,82.0,0.0,0.0,0.0,0.0,1.0,1.0
17.64964092240549,123.51541337253914,2.0393004206858185,1.047150795428387,0.9721110760076962,0.9906515785266028,0.0,0.0
88.01297991704205,67.26815728247567,0.0,0.0,0.0,0.0,1.0796298927670176,1.1047359291924272
81.03857283963112,48.457878522520716,0.0,0.0,0.0,0.0,0.9700675930900332,1.0043851748862165
225.0,272.0,1.0,1.0,1.0,1.0,0.0,1.0
51.0,111.0,1.0,1.0,1.0,1.0,0.0,0.0
114.04111727657555,160.156949146826,0.0,1.0145525950513181,1.0821333258928174,0.9022372420454214,1.0261090797956804,0.9569751862802268
52.29485797890527,255.93386309520938,0.9494036345318313,1.110469356295146,0.981327347200978,0.0,0.0,0.0
49.0,148.0,0.0,1.0,1.0,1.0,1.0,1.0
4.0,278.0,1.0,1.0,0.0,0.0,0.0,0.0
4.012566714583868,305.69388272745863,1.0270946410237953,1.0100455468664207,0.0,0.0,0.0,0.0
54.0,155.0,2.0,0.0,0.0,1.0,0.0,0.0
279.53612759884,305.4124372052099,1.9339268494111028,0.0,1.0281667751529453,0.0,0.9877687458479363,0.9488258106815654
52.67619429229643,151.55365228956524,1.8430326874971525,0.0,0.0,0.9301903341977057,0.0,0.0
282.0,18.0,0.0,0.0,1.0,0.0,1.0,1.0
163.0,159.0,0.0,0.0,0.0,1.0,0.0,0.0
72.69502062878928,237.3094887384712,0.9338797759648587,0.0,0.0,0.0,0.0,0.0
45.0,63.0,2.0,1.0,0.0,1.0,0.0,0.0
206.0,193.0,2.0,1.0,0.0,0.0,0.0,1.0
44.0,11.0,1.0,1.0,0.0,1.0,0.0,1.0
144.0,261.0,1.0,1.0,1.0,0.0,1.0,1.0
229.4589505549195,297.361086852415,0.0,0.8783091747327536,0.9944580231403636,1.0677494817170803,0.0,0.9680830715570056
221.23841634777756,141.52045140861804,2.020351036041492,0.0,0.0,0.0,1.0600247172220008,0.0
175.93462815586733,154.22288626696908,2.0284385712863595,0.0,0.0,0.9682184192069201,0.0,0.0
104.0,182.0,2.0,0.0,1.0,1.0,0.0,1.0
88.25931525785877,190.52168433594983,0.0,0.0,0.0,0.9708697739716932,0.9485959120078414,1.0855879858991888
212.4863841420075,74.68201709011785,1.9934801115650176,1.0727155050898245,1.0327941995345695,0.0,0.0,0.0
130.7412954506843,82.69094044057637,1.0041437226996166,1.1047845164980183,0.0,0.995488770104992,0.0,0.9812933659254481
15.122725322751597,92.85521974683397,1.0915573537627317,0.9970050237842868,0.0,0.0,0.0,0.9869169456978771
81.95011094321231,131.7990611857245,2.0037294079820662,1.0713418070877825,0.0,0.0,0.0,1.0816076121922646
105.00091380869978,259.40163686409545,0.9434056810733701,0.0,1.1249100058987056,0.0,0.0,0.9105669871183663
162.0384212121735,251.93519428172655,0.0,0.0,0.990512824802297,0.0,0.0,0.0
23.244492210848186,111.48619690494205,0.9899883332304986,0.0,0.0,0.0,0.0,0.0
102.0172662038162,4.741944154401031,0.0,0.9646211054490743,1.0188513416515164,0.0,0.9650651532370595,1.0090838936077797
221.25761686249703,261.56851041348153,0.0,0.9616464324340565,0.0,0.0,0.0,0.9708444261456779
118.2478780543655,247.34921024496433,0.9796883120816762,1.036598206869716,0.0,0.0,0.0,0.9518834616277458
20.0,288.0,0.0,1.0,0.0,1.0,0.0,0.0
28.0,130.0,1.0,0.0,0.0,0.0,0.0,0.0
169.0,181.0,1.0,0.0,1.0,1.0,1.0,1.0
124.98558927332677,1.9152685972148864,0.0,0.9857379329846312,0.982264902783403,1.0236070201212784,0.0,0.0
207.0,165.0,1.0,0.0,0.0,1.0,0.0,1.0
30.281564172191885,252.69101856689454,2.0787729657433585,0.9268186770983856,0.954764684720726,1.0446188567442454,0.952837861867811,0.0
25.0,245.0,0.0,1.0,1.0,1.0,0.0,1.0
284.6793995628083,19.4978393655017,0.0,0.990634581919598,0.0,0.0,0.0,0.0
7.693682705144305,130.59014463156697,0.9659130032942566,0.0,1.0240175581062227,0.0,0.0,0.0
279.149760408901,234.60471636513657,1.0625354059134575,1.0134333962551918,0.0,0.0,0.0,0.0
185.68691402663808,24.178035430418383,0.0,0.0,0.0,1.0032742429728605,0.0,0.9732071636715302
261.0,43.0,0.0,0.0,0.0,1.0,1.0,1.0
277.7487197665878,137.3881934944905,2.045539194410252,1.0516446742045835,0.0,1.0356956482829431,1.0239411955003905,1.0389286448638926
184.0,176.0,1.0,0.0,1.0,1.0,1.0,1.0
190.0291910971066,154.4597978123616,0.0,1.076740490305193,1.0167491777748963,0.0,0.0,0.9046488056965087
264.3428506034029,126.0220804395123,0.0,0.9261325395572562,0.0,1.0663539875696701,1.0709433794901106,0.0
133.47971565818565,162.34636195940945,1.0744545508055579,0.0,0.932686193838407,1.0391635108468364,0.0,0.0
286.66372505175053,58.841757362550226,2.0418544320093974,0.0,0.0,0.0,0.0,0.9357439250717688
180.0,316.0,1.0,0.0,0.0,1.0,0.0,1.0
277.0,109.0,0.0,0.0,0.0,0.0,1.0,1.0
167.0,137.0,0.0,1.0,0.0,0.0,1.0,1.0
80.8751644485762,33.387765406270205,0.0,1.0581095526326292,1.0398089947488116,0.0,1.0065634435585753,0.9903805367830795
54.0,71.0,1.0,0.0,1.0,0.0,0.0,1.0
29.0,12.0,1.0,1.0,1.0,1.0,1.0,1.0
27.478486702052674,124.64361572852775,0.978022282245712,0.0,0.0,0.0,0.0,0.0
188.77501175083606,51.5983723006812,1.0096082118016632,0.0,0.0,0.9927227513180115,0.0,1.008555070096634
145.59157305952397,225.9044358922007,0.0,0.9964135509094499,0.0,1.0166409899471598,0.9524622505708022,1.0386374168852355
29.322358166954164,288.9402289733763,1.0434114626749786,0.0,0.0,0.0,1.0171478133727654,1.0749042180852852
292.0,105.0,1.0,1.0,0.0,1.0,0.0,1.0
195.83048803689695,131.3036931981291,0.9797888354812406,0.0,1.0432270334731726,0.0,0.9692242075003182,1.0737315563757561
212.97889858806587,272.38831418583817,1.0012557042013006,0.0,1.0029031915012216,0.9358943094433468,1.0035143533544566,0.914582051688043
92.3366715946097,164.4782676374137,0.9869896249320529,0.0,0.0,0.9951192560550773,0.0,1.0565081092929582
241.0,116.0,1.0,0.0,1.0,1.0,0.0,0.0
212.0,223.0,1.0,0.0,1.0,0.0,0.0,1.0
303.0,311.0,0.0,1.0,0.0,1.0,0.0,1.0
154.0,54.0,0.0,1.0,0.0,1.0,1.0,1.0
107.0,306.0,2.0,1.0,1.0,0.0,1.0,0.0
114.1582894476513,227.64468551081595,0.0,1.0698505277493262,0.0,1.0671354719472048,0.0,1.0046304000613246
246.0,268.0,1.0,0.0,1.0,1.0,1.0,1.0
301.6494241924325,64.58807993833592,0.9197104570009201,1.0376319267239618,0.0,0.0,0.0,1.0162802840721712
166.0,22.0,1.0,1.0,0.0,1.0,1.0,1.0
177.0,207.0,0.0,0.0,0.0,1.0,1.0,1.0
74.9835697439182,269.41553740076074,2.199975583195802,0.0,0.0,0.9636401275703462,0.0,0.0
237.87321134096928,62.947398864112564,0.0,0.9805595107270313,0.9704242065164717,0.9120325255608186,0.9879161017743364,1.0447998605206816
82.0,125.0,2.0,0.0,0.0,1.0,0.0,0.0
164.0866672857444,297.0461388320339,0.0,0.0,0.0,0.0,0.9973420097138709,1.0347916689977825
288.4906705381625,113.16954829701717,0.9992865411202722,0.9697855284195426,0.0,0.9792091895060673,0.0,0.9680855584691638
99.0,219.0,1.0,1.0,1.0,1.0,1.0,1.0
146.0,321.0,2.0,1.0,1.0,1.0,1.0,0.0
8.206622817919934,191.67971366379646,2.0890418585490207,1.0122716362111892,0.9658039237325262,0.0,1.0443254401037763,0.0
203.12595132305114,217.5572153103334,0.0,0.0,0.0,0.0,1.0676677461294102,0.0
76.0,43.0,1.0,1.0,0.0,0.0,1.0,1.0
156.41437949982327,21.524995195632563,0.9453860917984408,1.0516498039548194,0.0,0.9466485197702961,1.0427394000706522,1.0342328770501523
36.75472852475124,118.86957527636443,1.9453776315533895,1.0405363333619508,0.9747840015510385,0.0,0.0,0.0
2.0,85.0,1.0,0.0,0.0,0.0,1.0,1.0
108.0,172.0,1.0,0.0,1.0,0.0,0.0,0.0
207.0,260.0,0.0,1.0,0.0,0.0,0.0,1.0
252.0,139.0,1.0,1.0,1.0,0.0,0.0,1.0
223.27297739325576,39.03365341015017,1.9190286692748275,0.9929404708954832,0.0,0.0,0.0,0.0
297.0,206.0,0.0,1.0,1.0,1.0,0.0,1.0
294.0,166.0,1.0,0.0,0.0,1.0,1.0,1.0
188.0,70.0,2.0,0.0,0.0,1.0,1.0,0.0
26.0,131.0,1.0,0.0,0.0,1.0,1.0,1.0
251.0,297.0,2.0,0.0,0.0,1.0,0.0,0.0
106.0,104.0,2.0,0.0,1.0,0.0,1.0,0.0
169.5151060527079,365.746563271268,1.9488218275874973,0.0,0.983463438960086,0.0,0.0,0.0
68.0,151.0,0.0,0.0,0.0,0.0,0.0,0.0
17.84305826333649,45.49358113770477,1.0695497402602185,1.0284097158652394,1.018915527982043,0.0,0.9347855668848628,0.9572326502130366
211.27385193869384,298.19956249752244,0.0,0.0,0.0,0.0,0.0,0.0
154.9682948881866,135.40456507869183,0.0,1.0406685511314713,0.0,0.0,1.048162718829452,1.0344634834562654
270.0,320.0,2.0,0.0,1.0,0.0,0.0,0.0
149.0,104.0,0.0,0.0,0.0,1.0,0.0,1.0
124.0,115.0,2.0,1.0,1.0,0.0,0.0,1.0
263.4825505371993,313.4835481480366,0.0,0.0,0.9913724371242566,1.0262433788942653,0.0,1.0306353143017235
84.57007877886583,244.32578820546476,0.9706793961586044,0.9640900619747119,1.0815062873004913,0.0,0.0,0.9698385664184812
110.3441487822378,190.64947038658082,1.0783839268607327,0.0,0.9673122753711062,0.0,0.0,1.0209775220956956
202.19271542248683,87.67709575738382,0.0,0.0,0.0,0.0,1.0547819669041207,0.9348345158195992
89.0,183.0,0.0,0.0,0.0,1.0,1.0,1.0
142.39901277614254,118.74527725383048,1.0223672779653168,0.0,0.902411175820241,1.0952776333571865,0.0,0.0
234.0,117.0,2.0,1.0,0.0,0.0,1.0,0.0
84.0,248.0,1.0,1.0,1.0,0.0,0.0,1.0
181.43364469860984,186.39330717417883,0.9326628240740731,0.9597006551594909,1.0627825959260218,1.0764209923286545,0.0,0.9774204673376461
124.52532561870085,109.43477379541075,2.006159585537268,0.9927834766098453,1.0553046261426686,0.0,0.0,0.9727970390990585
243.0,162.0,2.0,1.0,1.0,0.0,0.0,1.0
240.0,76.0,2.0,1.0,1.0,1.0,0.0,0.0
78.0,89.0,2.0,0.0,0.0,1.0,1.0,1.0
299.09276855948053,228.64503733386832,0.0,0.9168737748931954,0.9985991188833,1.0175435267296358,0.0,1.0439814648294656
104.61738929676845,280.2974420784751,1.9969903292709468,1.016929154544318,1.0104989640378892,0.0,0.988521991349814,0.0
83.59910969438913,3.0996079429958376,0.0,0.0,0.9884037998943188,0.9989986401578238,0.0,0.990899246550858
201.0,164.0,2.0,0.0,0.0,0.0,0.0,1.0
209.0,252.0,0.0,1.0,1.0,0.0,1.0,1.0
119.0,92.0,2.0,1.0,0.0,1.0,1.0,1.0
5.145500838607155,194.44767283675287,2.0988638522139262,1.0656850305895968,0.0,0.0,0.0,0.9849289255377541
99.0,326.0,0.0,0.0,1.0,1.0,1.0,1.0
163.0,315.0,0.0,0.0,1.0,0.0,0.0,0.0
255.0,95.0,2.0,0.0,0.0,0.0,1.0,0.0
57.0,285.0,2.0,0.0,1.0,1.0,1.0,0.0
309.8433254458438,313.2922174501887,0.0,1.1090784540484104,0.0,1.0012053584143947,0.0,0.9042906663629597
105.0,179.0,0.0,1.0,0.0,0.0,1.0,1.0
120.0,69.0,2.0,1.0,1.0,1.0,1.0,1.0
79.0,103.0,1.0,1.0,1.0,1.0,0.0,0.0
136.71260014285616,231.00700134517226,0.9636731893017227,0.0,0.0,0.9808309048869366,0.9397942633552243,0.0
276.09675115372346,267.59701455415575,0.0,0.8272872573579501,0.9774054015388579,0.0,0.9353494792121874,0.9991558510042441
39.26127276214351,45.20360012217883,0.0,0.9514850251952992,0.9563780950699161,0.0,0.9427691167561703,0.0
82.31127971035264,40.220621315123275,0.0,1.0013962221339738,0.0,0.0,1.068340473336014,1.0305340112106232
240.47082869607348,108.76058647215952,2.0159491024418434,0.0,0.0,0.9976145921662052,0.0,0.0
73.0,200.0,2.0,1.0,1.0,1.0,1.0,0.0
71.7147714342283,103.84468217669915,0.9981050168890717,0.9935612872607877,1.0926145477035443,1.0244815632345077,0.0,0.0
272.9141518792899,40.45497349934104,0.0,0.0,0.0,0.8915175958907722,0.0,1.0391888452827507
30.30225987424377,60.78558197787081,0.0,0.0,0.9595949177237146,0.0,1.0107264284748625,0.9729270545698177
271.0,181.0,2.0,1.0,0.0,0.0,1.0,0.0
10.195774065113424,203.44277728937254,0.0,0.0,0.0,0.9222810960438199,0.0,0.0
227.85192468181214,217.117953334816,0.0,0.9901705301527834,1.0372264804150702,0.0,0.0,0.0
101.86101452302671,253.0244276803208,1.879331694625578,0.0,0.9621607790626154,0.927127126774572,1.0332678393822476,0.0
62.49945947245415,179.65425771628256,1.0668696997456841,0.0,0.9823583047074321,1.0118284446706611,0.0,0.0
129.0,91.0,2.0,1.0,1.0,0.0,1.0,0.0
256.1923844724582,91.31804868885736,1.0170473061758467,0.0,0.9900168162906792,1.0184649757018853,0.898685824431638,1.055525627575622
10.297349264990405,287.43271948116256,1.0313676194272183,0.0,0.0,0.926096545470373,0.0,1.0485442944544079
105.0603078269935,186.9210754225267,1.9347296094864652,0.0,1.0356093328813518,1.0480091834687175,0.0,0.9836103998036415
250.0,292.0,1.0,0.0,1.0,0.0,1.0,1.0
122.0,35.0,1.0,0.0,0.0,1.0,1.0,1.0
284.0,144.0,1.0,0.0,0.0,0.0,0.0,0.0
156.39308665061586,73.81742183238497,1.0167587742050348,0.0,0.9820015789287938,0.977022284250294,1.107898584301413,0.9693407833395864
10.0,284.0,1.0,0.0,0.0,1.0,0.0,1.0
261.0,325.0,0.0,0.0,0.0,1.0,0.0,0.0
0.0,209.0,1.0,1.0,0.0,0.0,1.0,1.0
280.0,124.0,1.0,0.0,1.0,0.0,0.0,0.0
257.3678877894543,108.12275153047463,1.8764208588493574,0.0,0.0,0.0,1.0729029888324553,0.0
220.63286815182943,250.13492901766284,0.0,1.0540072083260048,0.9559229363963083,0.0,1.0164625031079666,0.9802438035859656
183.0,198.0,1.0,1.0,1.0,0.0,1.0,1.0
67.12380563271088,164.33370492442336,0.0,0.0,0.0,0.9813212818173516,0.0,1.0352434040898535
137.0,213.0,2.0,1.0,1.0,0.0,0.0,0.0
268.4273524737709,163.56432361705313,0.0,0.9575045873619937,0.9031104921909252,0.0,0.0,1.0194253161929716
131.0,324.0,1.0,1.0,0.0,0.0,0.0,1.0
73.45614939438957,47.81555917535265,1.9612848944150176,0.0,0.9855497223228067,0.0,0.0,0.0
223.0,106.0,1.0,1.0,1.0,1.0,1.0,1.0
177.0,303.0,0.0,1.0,1.0,1.0,1.0,1.0
156.0,118.0,0.0,0.0,0.0,1.0,0.0,0.0
132.43091832282911,88.97182950141776,2.2274240151211364,0.9409322517708577,0.9683003268371743,0.0,0.9912659041705252,0.0
245.0,133.0,0.0,1.0,1.0,0.0,1.0,1.0
301.0,266.0,1.0,1.0,0.0,0.0,0.0,1.0
182.26578119033306,190.88424065029028,1.0229997308206529,1.0205214943625451,0.0,1.0263644959418663,0.0,0.0
195.0,44.0,2.0,1.0,1.0,1.0,0.0,0.0
334.7608216466168,250.4031579675268,0.9604616643372474,0.9362597192363562,0.0,0.0,0.0,1.023579202731451
31.0,33.0,2.0,1.0,1.0,0.0,1.0,0.0
94.3457297794765,210.85445856983566,1.9032027609624529,0.0,1.0736451622832588,0.0,0.0,0.0
8.0,197.0,2.0,1.0,1.0,0.0,1.0,0.0
148.0,177.0,2.0,0.0,0.0,0.0,0.0,0.0
78.0,267.0,1.0,1.0,1.0,0.0,1.0,1.0
205.15790959958247,167.94219433283823,1.0033765531990244,0.0,0.0,0.9841148134466596,0.0,1.0126943595332798
90.0,175.0,1.0,0.0,0.0,1.0,0.0,1.0
